{
  "l2": {
    "num_leaves": 86,
    "learning_rate": 0.29383133681898627,
    "n_estimators": 112,
    "max_depth": 7,
    "min_child_samples": 46,
    "subsample": 0.6338590145622802,
    "colsample_bytree": 0.766409001034576,
    "reg_alpha": 1.1132477299248131,
    "reg_lambda": 1.0897067039417252e-05
  }
}